image,attempt,bounds,check,fired,severity,values
01.webp,1,"[572, 0, 1280, 703]",text_fit,False,none,"{'box_width': 708, 'box_height': 703, 'chosen_font_size': 10, 'ceiling_font_size': 703, 'line_count': 1, 'lines': ['Hey!'], 'max_line_width': 22, 'total_text_height': 10, 'width_overflow_px': 0, 'height_overflow_px': 0, 'box_aspect_h_over_w': 0.99, 'hard_wrapped_single_word': False}"
01.webp,1,"[572, 0, 1280, 703]",translation_sanity,False,none,"{'source_text': 'ＣＨＯ', 'translation': 'Hey!', 'source_len': 3, 'translation_len': 4, 'ratio': 1.33}"
01.webp,1,"[572, 0, 1280, 703]",detection_plausibility,False,none,"{'box_width': 708, 'box_height': 703, 'source_len': 3, 'confidence': None, 'chars_per_100px_height': 0.43}"
01.webp,1,"[0, 21, 256, 505]",text_fit,False,none,"{'box_width': 256, 'box_height': 484, 'chosen_font_size': 10, 'ceiling_font_size': 256, 'line_count': 1, 'lines': ['From here!'], 'max_line_width': 52, 'total_text_height': 8, 'width_overflow_px': 0, 'height_overflow_px': 0, 'box_aspect_h_over_w': 1.89, 'hard_wrapped_single_word': False}"
01.webp,1,"[0, 21, 256, 505]",translation_sanity,False,none,"{'source_text': 'ここから', 'translation': 'From here!', 'source_len': 4, 'translation_len': 10, 'ratio': 2.5}"
01.webp,1,"[0, 21, 256, 505]",detection_plausibility,False,none,"{'box_width': 256, 'box_height': 484, 'source_len': 4, 'confidence': None, 'chars_per_100px_height': 0.83}"
02.webp,1,"[82, 51, 377, 385]",text_fit,False,none,"{'box_width': 295, 'box_height': 334, 'chosen_font_size': 10, 'ceiling_font_size': 295, 'line_count': 1, 'lines': ['Look, thief, search and clean, the day before yesterday.'], 'max_line_width': 249, 'total_text_height': 11, 'width_overflow_px': 0, 'height_overflow_px': 0, 'box_aspect_h_over_w': 1.13, 'hard_wrapped_single_word': False}"
02.webp,1,"[82, 51, 377, 385]",translation_sanity,False,none,"{'source_text': '見るっスリトツボロ探掃おとと', 'translation': 'Look, thief, search and clean, the day before yesterday.', 'source_len': 14, 'translation_len': 56, 'ratio': 4.0}"
02.webp,1,"[82, 51, 377, 385]",detection_plausibility,False,none,"{'box_width': 295, 'box_height': 334, 'source_len': 14, 'confidence': None, 'chars_per_100px_height': 4.19}"
02.webp,1,"[840, 118, 909, 251]",text_fit,False,none,"{'box_width': 69, 'box_height': 133, 'chosen_font_size': 10, 'ceiling_font_size': 69, 'line_count': 1, 'lines': ['Sis, Nico-chan,'], 'max_line_width': 67, 'total_text_height': 9, 'width_overflow_px': 0, 'height_overflow_px': 0, 'box_aspect_h_over_w': 1.93, 'hard_wrapped_single_word': False}"
02.webp,1,"[840, 118, 909, 251]",translation_sanity,False,none,"{'source_text': '一姉、ニコチャン、', 'translation': 'Sis, Nico-chan,', 'source_len': 9, 'translation_len': 15, 'ratio': 1.67}"
02.webp,1,"[840, 118, 909, 251]",detection_plausibility,False,none,"{'box_width': 69, 'box_height': 133, 'source_len': 9, 'confidence': None, 'chars_per_100px_height': 6.77}"
02.webp,1,"[832, 294, 875, 405]",text_fit,False,none,"{'box_width': 43, 'box_height': 111, 'chosen_font_size': 10, 'ceiling_font_size': 43, 'line_count': 1, 'lines': ['Yuu!'], 'max_line_width': 23, 'total_text_height': 8, 'width_overflow_px': 0, 'height_overflow_px': 0, 'box_aspect_h_over_w': 2.58, 'hard_wrapped_single_word': False}"
02.webp,1,"[832, 294, 875, 405]",translation_sanity,False,none,"{'source_text': 'ゆ〜くん、', 'translation': 'Yuu!', 'source_len': 5, 'translation_len': 4, 'ratio': 0.8}"
02.webp,1,"[832, 294, 875, 405]",detection_plausibility,False,none,"{'box_width': 43, 'box_height': 111, 'source_len': 5, 'confidence': None, 'chars_per_100px_height': 4.5}"
02.webp,1,"[379, 814, 450, 922]",text_fit,False,none,"{'box_width': 71, 'box_height': 108, 'chosen_font_size': 10, 'ceiling_font_size': 71, 'line_count': 1, 'lines': ['Well, that...'], 'max_line_width': 50, 'total_text_height': 9, 'width_overflow_px': 0, 'height_overflow_px': 0, 'box_aspect_h_over_w': 1.52, 'hard_wrapped_single_word': False}"
02.webp,1,"[379, 814, 450, 922]",translation_sanity,False,none,"{'source_text': 'そ、それは．．．', 'translation': 'Well, that...', 'source_len': 8, 'translation_len': 13, 'ratio': 1.62}"
02.webp,1,"[379, 814, 450, 922]",detection_plausibility,False,none,"{'box_width': 71, 'box_height': 108, 'source_len': 8, 'confidence': None, 'chars_per_100px_height': 7.41}"
02.webp,1,"[223, 895, 292, 1096]",text_fit,False,none,"{'box_width': 69, 'box_height': 201, 'chosen_font_size': 10, 'ceiling_font_size': 69, 'line_count': 4, 'lines': ['The cleaning', 'robot that was', 'supposed to be', 'collected!!'], 'max_line_width': 69, 'total_text_height': 42, 'width_overflow_px': 0, 'height_overflow_px': 0, 'box_aspect_h_over_w': 2.91, 'hard_wrapped_single_word': False}"
02.webp,1,"[223, 895, 292, 1096]",translation_sanity,False,none,"{'source_text': '回収したはずのお掃除ロボット！！', 'translation': 'The cleaning robot that was supposed to be collected!!', 'source_len': 16, 'translation_len': 54, 'ratio': 3.38}"
02.webp,1,"[223, 895, 292, 1096]",detection_plausibility,False,none,"{'box_width': 69, 'box_height': 201, 'source_len': 16, 'confidence': None, 'chars_per_100px_height': 7.96}"
02.webp,1,"[105, 1046, 164, 1163]",text_fit,False,none,"{'box_width': 59, 'box_height': 117, 'chosen_font_size': 10, 'ceiling_font_size': 59, 'line_count': 1, 'lines': [""Yo, I'm here!""], 'max_line_width': 56, 'total_text_height': 9, 'width_overflow_px': 0, 'height_overflow_px': 0, 'box_aspect_h_over_w': 1.98, 'hard_wrapped_single_word': False}"
02.webp,1,"[105, 1046, 164, 1163]",translation_sanity,False,none,"{'source_text': 'やれにいたっス～', 'translation': ""Yo, I'm here!"", 'source_len': 8, 'translation_len': 13, 'ratio': 1.62}"
02.webp,1,"[105, 1046, 164, 1163]",detection_plausibility,False,none,"{'box_width': 59, 'box_height': 117, 'source_len': 8, 'confidence': None, 'chars_per_100px_height': 6.84}"
03.webp,1,"[550, 29, 661, 183]",text_fit,False,none,"{'box_width': 111, 'box_height': 154, 'chosen_font_size': 10, 'ceiling_font_size': 111, 'line_count': 1, 'lines': [""I'll do something awful.""], 'max_line_width': 105, 'total_text_height': 11, 'width_overflow_px': 0, 'height_overflow_px': 0, 'box_aspect_h_over_w': 1.39, 'hard_wrapped_single_word': False}"
03.webp,1,"[550, 29, 661, 183]",translation_sanity,False,none,"{'source_text': '酷ぇコトしがやる．．．', 'translation': ""I'll do something awful."", 'source_len': 11, 'translation_len': 24, 'ratio': 2.18}"
03.webp,1,"[550, 29, 661, 183]",detection_plausibility,False,none,"{'box_width': 111, 'box_height': 154, 'source_len': 11, 'confidence': None, 'chars_per_100px_height': 7.14}"
03.webp,1,"[831, 101, 922, 289]",text_fit,False,none,"{'box_width': 91, 'box_height': 188, 'chosen_font_size': 10, 'ceiling_font_size': 91, 'line_count': 4, 'lines': ['Locking someone', 'alone in a dark spot', 'like that—how', 'pitiful!'], 'max_line_width': 88, 'total_text_height': 45, 'width_overflow_px': 0, 'height_overflow_px': 0, 'box_aspect_h_over_w': 2.07, 'hard_wrapped_single_word': False}"
03.webp,1,"[831, 101, 922, 289]",translation_sanity,False,none,"{'source_text': '一人で暗いトコに閉じ込めるなんてかわいそうっス！', 'translation': 'Locking someone alone in a dark spot like that—how pitiful!', 'source_len': 24, 'translation_len': 59, 'ratio': 2.46}"
03.webp,1,"[831, 101, 922, 289]",detection_plausibility,False,none,"{'box_width': 91, 'box_height': 188, 'source_len': 24, 'confidence': None, 'chars_per_100px_height': 12.77}"
03.webp,1,"[362, 298, 416, 415]",text_fit,False,none,"{'box_width': 54, 'box_height': 117, 'chosen_font_size': 10, 'ceiling_font_size': 54, 'line_count': 2, 'lines': [""He's"", 'innocent!'], 'max_line_width': 46, 'total_text_height': 18, 'width_overflow_px': 0, 'height_overflow_px': 0, 'box_aspect_h_over_w': 2.17, 'hard_wrapped_single_word': False}"
03.webp,1,"[362, 298, 416, 415]",translation_sanity,False,none,"{'source_text': 'コイツに罪はないんだぞ', 'translation': ""He's innocent!"", 'source_len': 11, 'translation_len': 14, 'ratio': 1.27}"
03.webp,1,"[362, 298, 416, 415]",detection_plausibility,False,none,"{'box_width': 54, 'box_height': 117, 'source_len': 11, 'confidence': None, 'chars_per_100px_height': 9.4}"
03.webp,1,"[239, 433, 306, 599]",text_fit,False,none,"{'box_width': 67, 'box_height': 166, 'chosen_font_size': 10, 'ceiling_font_size': 67, 'line_count': 2, 'lines': ['Miwa and', 'Nihoko are—'], 'max_line_width': 56, 'total_text_height': 18, 'width_overflow_px': 0, 'height_overflow_px': 0, 'box_aspect_h_over_w': 2.48, 'hard_wrapped_single_word': False}"
03.webp,1,"[239, 433, 306, 599]",translation_sanity,False,none,"{'source_text': '三和さん（と二琥さん）が', 'translation': 'Miwa and Nihoko are—', 'source_len': 12, 'translation_len': 20, 'ratio': 1.67}"
03.webp,1,"[239, 433, 306, 599]",detection_plausibility,False,none,"{'box_width': 67, 'box_height': 166, 'source_len': 12, 'confidence': None, 'chars_per_100px_height': 7.23}"
03.webp,1,"[107, 502, 218, 678]",text_fit,False,none,"{'box_width': 111, 'box_height': 176, 'chosen_font_size': 10, 'ceiling_font_size': 111, 'line_count': 2, 'lines': ['I fed them, so I cleaned', 'up!!'], 'max_line_width': 105, 'total_text_height': 22, 'width_overflow_px': 0, 'height_overflow_px': 0, 'box_aspect_h_over_w': 1.59, 'hard_wrapped_single_word': False}"
03.webp,1,"[107, 502, 218, 678]",translation_sanity,False,none,"{'source_text': 'エサやるから片付けたんですからね！！', 'translation': 'I fed them, so I cleaned up!!', 'source_len': 18, 'translation_len': 29, 'ratio': 1.61}"
03.webp,1,"[107, 502, 218, 678]",detection_plausibility,False,none,"{'box_width': 111, 'box_height': 176, 'source_len': 18, 'confidence': None, 'chars_per_100px_height': 10.23}"
03.webp,1,"[473, 586, 501, 611]",text_fit,False,none,"{'box_width': 28, 'box_height': 25, 'chosen_font_size': 10, 'ceiling_font_size': 25, 'line_count': 1, 'lines': ['Hmm'], 'max_line_width': 26, 'total_text_height': 8, 'width_overflow_px': 0, 'height_overflow_px': 0, 'box_aspect_h_over_w': 0.89, 'hard_wrapped_single_word': False}"
03.webp,1,"[473, 586, 501, 611]",translation_sanity,False,none,"{'source_text': 'ム', 'translation': 'Hmm', 'source_len': 1, 'translation_len': 3, 'ratio': 3.0}"
03.webp,1,"[473, 586, 501, 611]",detection_plausibility,False,none,"{'box_width': 28, 'box_height': 25, 'source_len': 1, 'confidence': None, 'chars_per_100px_height': 4.0}"
03.webp,1,"[399, 755, 467, 934]",text_fit,False,none,"{'box_width': 68, 'box_height': 179, 'chosen_font_size': 10, 'ceiling_font_size': 68, 'line_count': 3, 'lines': ['Nikochan, get', 'close to the', 'robot.'], 'max_line_width': 65, 'total_text_height': 30, 'width_overflow_px': 0, 'height_overflow_px': 0, 'box_aspect_h_over_w': 2.63, 'hard_wrapped_single_word': False}"
03.webp,1,"[399, 755, 467, 934]",translation_sanity,False,none,"{'source_text': 'ニコチャン、ロボに近付くっス', 'translation': 'Nikochan, get close to the robot.', 'source_len': 14, 'translation_len': 33, 'ratio': 2.36}"
03.webp,1,"[399, 755, 467, 934]",detection_plausibility,False,none,"{'box_width': 68, 'box_height': 179, 'source_len': 14, 'confidence': None, 'chars_per_100px_height': 7.82}"
03.webp,1,"[788, 748, 908, 911]",text_fit,False,none,"{'box_width': 120, 'box_height': 163, 'chosen_font_size': 10, 'ceiling_font_size': 120, 'line_count': 2, 'lines': ['Updated the program', 'during my shogi break.'], 'max_line_width': 107, 'total_text_height': 22, 'width_overflow_px': 0, 'height_overflow_px': 0, 'box_aspect_h_over_w': 1.36, 'hard_wrapped_single_word': False}"
03.webp,1,"[788, 748, 908, 911]",translation_sanity,False,none,"{'source_text': '将棋の息抜きにプログラムをアップデートしといたっス', 'translation': 'Updated the program during my shogi break.', 'source_len': 25, 'translation_len': 42, 'ratio': 1.68}"
03.webp,1,"[788, 748, 908, 911]",detection_plausibility,False,none,"{'box_width': 120, 'box_height': 163, 'source_len': 25, 'confidence': None, 'chars_per_100px_height': 15.34}"
03.webp,1,"[134, 813, 180, 919]",text_fit,False,none,"{'box_width': 46, 'box_height': 106, 'chosen_font_size': 10, 'ceiling_font_size': 46, 'line_count': 1, 'lines': ['Oh yeah.'], 'max_line_width': 41, 'total_text_height': 10, 'width_overflow_px': 0, 'height_overflow_px': 0, 'box_aspect_h_over_w': 2.3, 'hard_wrapped_single_word': False}"
03.webp,1,"[134, 813, 180, 919]",translation_sanity,False,none,"{'source_text': 'お、おう', 'translation': 'Oh yeah.', 'source_len': 4, 'translation_len': 8, 'ratio': 2.0}"
03.webp,1,"[134, 813, 180, 919]",detection_plausibility,False,none,"{'box_width': 46, 'box_height': 106, 'source_len': 4, 'confidence': None, 'chars_per_100px_height': 3.77}"
03.webp,1,"[242, 877, 350, 1013]",text_fit,False,none,"{'box_width': 108, 'box_height': 136, 'chosen_font_size': 10, 'ceiling_font_size': 108, 'line_count': 3, 'lines': [""It's not that I had any"", 'complaints about the', 'function…'], 'max_line_width': 96, 'total_text_height': 33, 'width_overflow_px': 0, 'height_overflow_px': 0, 'box_aspect_h_over_w': 1.26, 'hard_wrapped_single_word': False}"
03.webp,1,"[242, 877, 350, 1013]",translation_sanity,False,none,"{'source_text': '機能に不満があったわけでは．．．', 'translation': ""It's not that I had any complaints about the function…"", 'source_len': 16, 'translation_len': 54, 'ratio': 3.38}"
03.webp,1,"[242, 877, 350, 1013]",detection_plausibility,False,none,"{'box_width': 108, 'box_height': 136, 'source_len': 16, 'confidence': None, 'chars_per_100px_height': 11.76}"
03.webp,1,"[267, 1097, 303, 1217]",text_fit,False,none,"{'box_width': 36, 'box_height': 120, 'chosen_font_size': 10, 'ceiling_font_size': 36, 'line_count': 2, 'lines': ['Did it', 'work?'], 'max_line_width': 27, 'total_text_height': 18, 'width_overflow_px': 0, 'height_overflow_px': 0, 'box_aspect_h_over_w': 3.33, 'hard_wrapped_single_word': False}"
03.webp,1,"[267, 1097, 303, 1217]",translation_sanity,False,none,"{'source_text': 'こうか．．．？', 'translation': 'Did it work?', 'source_len': 7, 'translation_len': 12, 'ratio': 1.71}"
03.webp,1,"[267, 1097, 303, 1217]",detection_plausibility,False,none,"{'box_width': 36, 'box_height': 120, 'source_len': 7, 'confidence': None, 'chars_per_100px_height': 5.83}"
03.webp,1,"[540, 1117, 633, 1305]",text_fit,False,none,"{'box_width': 93, 'box_height': 188, 'chosen_font_size': 10, 'ceiling_font_size': 93, 'line_count': 3, 'lines': [""I've gotten even"", 'smarter and more', 'well‑behaved!'], 'max_line_width': 82, 'total_text_height': 30, 'width_overflow_px': 0, 'height_overflow_px': 0, 'box_aspect_h_over_w': 2.02, 'hard_wrapped_single_word': False}"
03.webp,1,"[540, 1117, 633, 1305]",translation_sanity,False,none,"{'source_text': 'さらにかしこいイイコになったっスよ〜', 'translation': ""I've gotten even smarter and more well‑behaved!"", 'source_len': 18, 'translation_len': 47, 'ratio': 2.61}"
03.webp,1,"[540, 1117, 633, 1305]",detection_plausibility,False,none,"{'box_width': 93, 'box_height': 188, 'source_len': 18, 'confidence': None, 'chars_per_100px_height': 9.57}"
03.webp,1,"[153, 1128, 249, 1273]",text_fit,False,none,"{'box_width': 96, 'box_height': 145, 'chosen_font_size': 10, 'ceiling_font_size': 96, 'line_count': 1, 'lines': ['Whee!'], 'max_line_width': 32, 'total_text_height': 8, 'width_overflow_px': 0, 'height_overflow_px': 0, 'box_aspect_h_over_w': 1.51, 'hard_wrapped_single_word': False}"
03.webp,1,"[153, 1128, 249, 1273]",translation_sanity,False,none,"{'source_text': 'ウィ：', 'translation': 'Whee!', 'source_len': 3, 'translation_len': 5, 'ratio': 1.67}"
03.webp,1,"[153, 1128, 249, 1273]",detection_plausibility,False,none,"{'box_width': 96, 'box_height': 145, 'source_len': 3, 'confidence': None, 'chars_per_100px_height': 2.07}"
04.webp,1,"[268, 15, 536, 392]",text_fit,False,none,"{'box_width': 268, 'box_height': 377, 'chosen_font_size': 10, 'ceiling_font_size': 268, 'line_count': 1, 'lines': ['Sulfa'], 'max_line_width': 24, 'total_text_height': 9, 'width_overflow_px': 0, 'height_overflow_px': 0, 'box_aspect_h_over_w': 1.41, 'hard_wrapped_single_word': False}"
04.webp,1,"[268, 15, 536, 392]",translation_sanity,False,none,"{'source_text': 'スルファ', 'translation': 'Sulfa', 'source_len': 4, 'translation_len': 5, 'ratio': 1.25}"
04.webp,1,"[268, 15, 536, 392]",detection_plausibility,False,none,"{'box_width': 268, 'box_height': 377, 'source_len': 4, 'confidence': None, 'chars_per_100px_height': 1.06}"
04.webp,1,"[369, 673, 540, 837]",text_fit,False,none,"{'box_width': 171, 'box_height': 164, 'chosen_font_size': 10, 'ceiling_font_size': 164, 'line_count': 1, 'lines': ['What?!'], 'max_line_width': 32, 'total_text_height': 8, 'width_overflow_px': 0, 'height_overflow_px': 0, 'box_aspect_h_over_w': 0.96, 'hard_wrapped_single_word': False}"
04.webp,1,"[369, 673, 540, 837]",translation_sanity,False,none,"{'source_text': 'なッ', 'translation': 'What?!', 'source_len': 2, 'translation_len': 6, 'ratio': 3.0}"
04.webp,1,"[369, 673, 540, 837]",detection_plausibility,False,none,"{'box_width': 171, 'box_height': 164, 'source_len': 2, 'confidence': None, 'chars_per_100px_height': 1.22}"
04.webp,1,"[269, 939, 336, 1129]",text_fit,False,none,"{'box_width': 67, 'box_height': 190, 'chosen_font_size': 10, 'ceiling_font_size': 67, 'line_count': 4, 'lines': ['With that kind', 'of intensity,', 'I’m bolting no', 'matter what.'], 'max_line_width': 67, 'total_text_height': 43, 'width_overflow_px': 0, 'height_overflow_px': 0, 'box_aspect_h_over_w': 2.84, 'hard_wrapped_single_word': False}"
04.webp,1,"[269, 939, 336, 1129]",translation_sanity,False,none,"{'source_text': 'そんな剣幕じゃ何だって逃げるぞ', 'translation': 'With that kind of intensity, I’m bolting no matter what.', 'source_len': 15, 'translation_len': 56, 'ratio': 3.73}"
04.webp,1,"[269, 939, 336, 1129]",detection_plausibility,False,none,"{'box_width': 67, 'box_height': 190, 'source_len': 15, 'confidence': None, 'chars_per_100px_height': 7.89}"
04.webp,1,"[716, 932, 891, 1340]",text_fit,False,none,"{'box_width': 175, 'box_height': 408, 'chosen_font_size': 10, 'ceiling_font_size': 175, 'line_count': 1, 'lines': [""Even if it's fine, huh... Well...""], 'max_line_width': 127, 'total_text_height': 10, 'width_overflow_px': 0, 'height_overflow_px': 0, 'box_aspect_h_over_w': 2.33, 'hard_wrapped_single_word': False}"
04.webp,1,"[716, 932, 891, 1340]",translation_sanity,False,none,"{'source_text': 'たとえそれはいいのね．．．いやいや．．', 'translation': ""Even if it's fine, huh... Well..."", 'source_len': 19, 'translation_len': 33, 'ratio': 1.74}"
04.webp,1,"[716, 932, 891, 1340]",detection_plausibility,False,none,"{'box_width': 175, 'box_height': 408, 'source_len': 19, 'confidence': None, 'chars_per_100px_height': 4.66}"
04.webp,1,"[379, 1035, 446, 1144]",text_fit,False,none,"{'box_width': 67, 'box_height': 109, 'chosen_font_size': 10, 'ceiling_font_size': 67, 'line_count': 2, 'lines': ['Calm down,', 'Niko'], 'max_line_width': 54, 'total_text_height': 19, 'width_overflow_px': 0, 'height_overflow_px': 0, 'box_aspect_h_over_w': 1.63, 'hard_wrapped_single_word': False}"
04.webp,1,"[379, 1035, 446, 1144]",translation_sanity,False,none,"{'source_text': '落ち着け、二琥', 'translation': 'Calm down, Niko', 'source_len': 7, 'translation_len': 15, 'ratio': 2.14}"
04.webp,1,"[379, 1035, 446, 1144]",detection_plausibility,False,none,"{'box_width': 67, 'box_height': 109, 'source_len': 7, 'confidence': None, 'chars_per_100px_height': 6.42}"
05.webp,1,"[311, 130, 356, 244]",text_fit,False,none,"{'box_width': 45, 'box_height': 114, 'chosen_font_size': 10, 'ceiling_font_size': 45, 'line_count': 1, 'lines': ['This way'], 'max_line_width': 41, 'total_text_height': 10, 'width_overflow_px': 0, 'height_overflow_px': 0, 'box_aspect_h_over_w': 2.53, 'hard_wrapped_single_word': False}"
05.webp,1,"[311, 130, 356, 244]",translation_sanity,False,none,"{'source_text': 'こっちだ', 'translation': 'This way', 'source_len': 4, 'translation_len': 8, 'ratio': 2.0}"
05.webp,1,"[311, 130, 356, 244]",detection_plausibility,False,none,"{'box_width': 45, 'box_height': 114, 'source_len': 4, 'confidence': None, 'chars_per_100px_height': 3.51}"
05.webp,1,"[163, 273, 208, 432]",text_fit,False,none,"{'box_width': 45, 'box_height': 159, 'chosen_font_size': 10, 'ceiling_font_size': 45, 'line_count': 1, 'lines': ['Kitty~!'], 'max_line_width': 29, 'total_text_height': 10, 'width_overflow_px': 0, 'height_overflow_px': 0, 'box_aspect_h_over_w': 3.53, 'hard_wrapped_single_word': False}"
05.webp,1,"[163, 273, 208, 432]",translation_sanity,False,none,"{'source_text': '子猫ちゃん♪', 'translation': 'Kitty~!', 'source_len': 6, 'translation_len': 7, 'ratio': 1.17}"
05.webp,1,"[163, 273, 208, 432]",detection_plausibility,False,none,"{'box_width': 45, 'box_height': 159, 'source_len': 6, 'confidence': None, 'chars_per_100px_height': 3.77}"
05.webp,1,"[649, 634, 675, 704]",text_fit,False,none,"{'box_width': 26, 'box_height': 70, 'chosen_font_size': 10, 'ceiling_font_size': 26, 'line_count': 2, 'lines': ['Yeah', '!'], 'max_line_width': 24, 'total_text_height': 18, 'width_overflow_px': 0, 'height_overflow_px': 0, 'box_aspect_h_over_w': 2.69, 'hard_wrapped_single_word': False}"
05.webp,1,"[649, 634, 675, 704]",translation_sanity,False,none,"{'source_text': 'ウイ', 'translation': 'Yeah!', 'source_len': 2, 'translation_len': 5, 'ratio': 2.5}"
05.webp,1,"[649, 634, 675, 704]",detection_plausibility,False,none,"{'box_width': 26, 'box_height': 70, 'source_len': 2, 'confidence': None, 'chars_per_100px_height': 2.86}"
05.webp,1,"[538, 712, 562, 742]",text_fit,False,none,"{'box_width': 24, 'box_height': 30, 'chosen_font_size': 10, 'ceiling_font_size': 24, 'line_count': 1, 'lines': ['...'], 'max_line_width': 6, 'total_text_height': 2, 'width_overflow_px': 0, 'height_overflow_px': 0, 'box_aspect_h_over_w': 1.25, 'hard_wrapped_single_word': False}"
05.webp,1,"[538, 712, 562, 742]",translation_sanity,False,none,"{'source_text': '．．．', 'translation': '...', 'source_len': 3, 'translation_len': 3, 'ratio': 1.0}"
05.webp,1,"[538, 712, 562, 742]",detection_plausibility,False,none,"{'box_width': 24, 'box_height': 30, 'source_len': 3, 'confidence': None, 'chars_per_100px_height': 10.0}"
05.webp,1,"[348, 884, 391, 1036]",text_fit,False,none,"{'box_width': 43, 'box_height': 152, 'chosen_font_size': 10, 'ceiling_font_size': 43, 'line_count': 1, 'lines': ['Nice!!'], 'max_line_width': 28, 'total_text_height': 8, 'width_overflow_px': 0, 'height_overflow_px': 0, 'box_aspect_h_over_w': 3.53, 'hard_wrapped_single_word': False}"
05.webp,1,"[348, 884, 391, 1036]",translation_sanity,False,none,"{'source_text': 'いいですね！！', 'translation': 'Nice!!', 'source_len': 7, 'translation_len': 6, 'ratio': 0.86}"
05.webp,1,"[348, 884, 391, 1036]",detection_plausibility,False,none,"{'box_width': 43, 'box_height': 152, 'source_len': 7, 'confidence': None, 'chars_per_100px_height': 4.61}"
05.webp,1,"[438, 875, 523, 1056]",text_fit,False,none,"{'box_width': 85, 'box_height': 181, 'chosen_font_size': 10, 'ceiling_font_size': 85, 'line_count': 2, 'lines': ['This guy gives off', 'a bad vibe!!'], 'max_line_width': 80, 'total_text_height': 21, 'width_overflow_px': 0, 'height_overflow_px': 0, 'box_aspect_h_over_w': 2.13, 'hard_wrapped_single_word': False}"
05.webp,1,"[438, 875, 523, 1056]",translation_sanity,False,none,"{'source_text': 'コイツ感じ悪いぞ！！', 'translation': 'This guy gives off a bad vibe!!', 'source_len': 10, 'translation_len': 31, 'ratio': 3.1}"
05.webp,1,"[438, 875, 523, 1056]",detection_plausibility,False,none,"{'box_width': 85, 'box_height': 181, 'source_len': 10, 'confidence': None, 'chars_per_100px_height': 5.52}"
05.webp,1,"[210, 1154, 281, 1255]",text_fit,False,none,"{'box_width': 71, 'box_height': 101, 'chosen_font_size': 10, 'ceiling_font_size': 71, 'line_count': 1, 'lines': ['Win!'], 'max_line_width': 23, 'total_text_height': 8, 'width_overflow_px': 0, 'height_overflow_px': 0, 'box_aspect_h_over_w': 1.42, 'hard_wrapped_single_word': False}"
05.webp,1,"[210, 1154, 281, 1255]",translation_sanity,False,none,"{'source_text': 'ウィン', 'translation': 'Win!', 'source_len': 3, 'translation_len': 4, 'ratio': 1.33}"
05.webp,1,"[210, 1154, 281, 1255]",detection_plausibility,False,none,"{'box_width': 71, 'box_height': 101, 'source_len': 3, 'confidence': None, 'chars_per_100px_height': 2.97}"
06.webp,1,"[0, 0, 423, 574]",text_fit,False,none,"{'box_width': 423, 'box_height': 574, 'chosen_font_size': 10, 'ceiling_font_size': 423, 'line_count': 1, 'lines': [""Well, this time I'll just say something after a sec.""], 'max_line_width': 214, 'total_text_height': 11, 'width_overflow_px': 0, 'height_overflow_px': 0, 'box_aspect_h_over_w': 1.36, 'hard_wrapped_single_word': False}"
06.webp,1,"[0, 0, 423, 574]",translation_sanity,False,none,"{'source_text': 'だから、この度はもう一つもん時間に声をかけるようなものです。ですよ〜〜', 'translation': ""Well, this time I'll just say something after a sec."", 'source_len': 35, 'translation_len': 52, 'ratio': 1.49}"
06.webp,1,"[0, 0, 423, 574]",detection_plausibility,False,none,"{'box_width': 423, 'box_height': 574, 'source_len': 35, 'confidence': None, 'chars_per_100px_height': 6.1}"
06.webp,1,"[730, 191, 769, 304]",text_fit,False,none,"{'box_width': 39, 'box_height': 113, 'chosen_font_size': 10, 'ceiling_font_size': 39, 'line_count': 3, 'lines': ['Then', 'this', 'works.'], 'max_line_width': 29, 'total_text_height': 28, 'width_overflow_px': 0, 'height_overflow_px': 0, 'box_aspect_h_over_w': 2.9, 'hard_wrapped_single_word': False}"
06.webp,1,"[730, 191, 769, 304]",translation_sanity,False,none,"{'source_text': 'これなら', 'translation': 'Then this works.', 'source_len': 4, 'translation_len': 16, 'ratio': 4.0}"
06.webp,1,"[730, 191, 769, 304]",detection_plausibility,False,none,"{'box_width': 39, 'box_height': 113, 'source_len': 4, 'confidence': None, 'chars_per_100px_height': 3.54}"
06.webp,1,"[695, 437, 790, 578]",text_fit,False,none,"{'box_width': 95, 'box_height': 141, 'chosen_font_size': 10, 'ceiling_font_size': 95, 'line_count': 2, 'lines': [""Looks like you can't"", 'feed it.'], 'max_line_width': 88, 'total_text_height': 21, 'width_overflow_px': 0, 'height_overflow_px': 0, 'box_aspect_h_over_w': 1.48, 'hard_wrapped_single_word': False}"
06.webp,1,"[695, 437, 790, 578]",translation_sanity,False,none,"{'source_text': 'エサやりできなさそうだし', 'translation': ""Looks like you can't feed it."", 'source_len': 12, 'translation_len': 29, 'ratio': 2.42}"
06.webp,1,"[695, 437, 790, 578]",detection_plausibility,False,none,"{'box_width': 95, 'box_height': 141, 'source_len': 12, 'confidence': None, 'chars_per_100px_height': 8.51}"
06.webp,1,"[655, 657, 841, 903]",text_fit,False,none,"{'box_width': 186, 'box_height': 246, 'chosen_font_size': 10, 'ceiling_font_size': 186, 'line_count': 1, 'lines': ['... Well, fine'], 'max_line_width': 53, 'total_text_height': 10, 'width_overflow_px': 0, 'height_overflow_px': 0, 'box_aspect_h_over_w': 1.32, 'hard_wrapped_single_word': False}"
06.webp,1,"[655, 657, 841, 903]",translation_sanity,False,none,"{'source_text': '．．．まあいいじゃ', 'translation': '... Well, fine', 'source_len': 9, 'translation_len': 14, 'ratio': 1.56}"
06.webp,1,"[655, 657, 841, 903]",detection_plausibility,False,none,"{'box_width': 186, 'box_height': 246, 'source_len': 9, 'confidence': None, 'chars_per_100px_height': 3.66}"
06.webp,1,"[535, 705, 581, 751]",text_fit,False,none,"{'box_width': 46, 'box_height': 46, 'chosen_font_size': 10, 'ceiling_font_size': 46, 'line_count': 1, 'lines': ['huh'], 'max_line_width': 21, 'total_text_height': 8, 'width_overflow_px': 0, 'height_overflow_px': 0, 'box_aspect_h_over_w': 1.0, 'hard_wrapped_single_word': False}"
06.webp,1,"[535, 705, 581, 751]",translation_sanity,False,none,"{'source_text': 'ひ', 'translation': 'huh', 'source_len': 1, 'translation_len': 3, 'ratio': 3.0}"
06.webp,1,"[535, 705, 581, 751]",detection_plausibility,False,none,"{'box_width': 46, 'box_height': 46, 'source_len': 1, 'confidence': None, 'chars_per_100px_height': 2.17}"
06.webp,1,"[196, 784, 249, 861]",text_fit,False,none,"{'box_width': 53, 'box_height': 77, 'chosen_font_size': 10, 'ceiling_font_size': 53, 'line_count': 1, 'lines': ['pop'], 'max_line_width': 17, 'total_text_height': 8, 'width_overflow_px': 0, 'height_overflow_px': 0, 'box_aspect_h_over_w': 1.45, 'hard_wrapped_single_word': False}"
06.webp,1,"[196, 784, 249, 861]",translation_sanity,False,none,"{'source_text': 'ヒョコ', 'translation': 'pop', 'source_len': 3, 'translation_len': 3, 'ratio': 1.0}"
06.webp,1,"[196, 784, 249, 861]",detection_plausibility,False,none,"{'box_width': 53, 'box_height': 77, 'source_len': 3, 'confidence': None, 'chars_per_100px_height': 3.9}"
06.webp,1,"[484, 828, 561, 933]",text_fit,False,none,"{'box_width': 77, 'box_height': 105, 'chosen_font_size': 10, 'ceiling_font_size': 77, 'line_count': 1, 'lines': ['Whew~'], 'max_line_width': 37, 'total_text_height': 8, 'width_overflow_px': 0, 'height_overflow_px': 0, 'box_aspect_h_over_w': 1.36, 'hard_wrapped_single_word': False}"
06.webp,1,"[484, 828, 561, 933]",translation_sanity,False,none,"{'source_text': 'ウィーム', 'translation': 'Whew~', 'source_len': 4, 'translation_len': 5, 'ratio': 1.25}"
06.webp,1,"[484, 828, 561, 933]",detection_plausibility,False,none,"{'box_width': 77, 'box_height': 105, 'source_len': 4, 'confidence': None, 'chars_per_100px_height': 3.81}"
06.webp,1,"[89, 939, 177, 1063]",text_fit,False,none,"{'box_width': 88, 'box_height': 124, 'chosen_font_size': 10, 'ceiling_font_size': 88, 'line_count': 1, 'lines': ['hah'], 'max_line_width': 19, 'total_text_height': 8, 'width_overflow_px': 0, 'height_overflow_px': 0, 'box_aspect_h_over_w': 1.41, 'hard_wrapped_single_word': False}"
06.webp,1,"[89, 939, 177, 1063]",translation_sanity,False,none,"{'source_text': 'はぁっ、', 'translation': 'hah', 'source_len': 4, 'translation_len': 3, 'ratio': 0.75}"
06.webp,1,"[89, 939, 177, 1063]",detection_plausibility,False,none,"{'box_width': 88, 'box_height': 124, 'source_len': 4, 'confidence': None, 'chars_per_100px_height': 3.23}"
06.webp,1,"[299, 1168, 394, 1338]",text_fit,False,none,"{'box_width': 95, 'box_height': 170, 'chosen_font_size': 10, 'ceiling_font_size': 95, 'line_count': 1, 'lines': ['Huh!'], 'max_line_width': 25, 'total_text_height': 8, 'width_overflow_px': 0, 'height_overflow_px': 0, 'box_aspect_h_over_w': 1.79, 'hard_wrapped_single_word': False}"
06.webp,1,"[299, 1168, 394, 1338]",translation_sanity,False,none,"{'source_text': 'キョｏ', 'translation': 'Huh!', 'source_len': 3, 'translation_len': 4, 'ratio': 1.33}"
06.webp,1,"[299, 1168, 394, 1338]",detection_plausibility,False,none,"{'box_width': 95, 'box_height': 170, 'source_len': 3, 'confidence': None, 'chars_per_100px_height': 1.76}"
06.webp,1,"[533, 1187, 584, 1307]",text_fit,False,none,"{'box_width': 51, 'box_height': 120, 'chosen_font_size': 10, 'ceiling_font_size': 51, 'line_count': 1, 'lines': ['Okay?'], 'max_line_width': 27, 'total_text_height': 10, 'width_overflow_px': 0, 'height_overflow_px': 0, 'box_aspect_h_over_w': 2.35, 'hard_wrapped_single_word': False}"
06.webp,1,"[533, 1187, 584, 1307]",translation_sanity,False,none,"{'source_text': 'いいか．．．', 'translation': 'Okay?', 'source_len': 6, 'translation_len': 5, 'ratio': 0.83}"
06.webp,1,"[533, 1187, 584, 1307]",detection_plausibility,False,none,"{'box_width': 51, 'box_height': 120, 'source_len': 6, 'confidence': None, 'chars_per_100px_height': 5.0}"
06.webp,1,"[0, 1259, 102, 1412]",text_fit,False,none,"{'box_width': 102, 'box_height': 153, 'chosen_font_size': 10, 'ceiling_font_size': 102, 'line_count': 1, 'lines': ['peek'], 'max_line_width': 24, 'total_text_height': 10, 'width_overflow_px': 0, 'height_overflow_px': 0, 'box_aspect_h_over_w': 1.5, 'hard_wrapped_single_word': False}"
06.webp,1,"[0, 1259, 102, 1412]",translation_sanity,False,none,"{'source_text': 'キョロ', 'translation': 'peek', 'source_len': 3, 'translation_len': 4, 'ratio': 1.33}"
06.webp,1,"[0, 1259, 102, 1412]",detection_plausibility,False,none,"{'box_width': 102, 'box_height': 153, 'source_len': 3, 'confidence': None, 'chars_per_100px_height': 1.96}"
07.webp,1,"[907, 158, 997, 413]",text_fit,False,none,"{'box_width': 90, 'box_height': 255, 'chosen_font_size': 10, 'ceiling_font_size': 90, 'line_count': 1, 'lines': ['What?'], 'max_line_width': 29, 'total_text_height': 8, 'width_overflow_px': 0, 'height_overflow_px': 0, 'box_aspect_h_over_w': 2.83, 'hard_wrapped_single_word': False}"
07.webp,1,"[907, 158, 997, 413]",translation_sanity,False,none,"{'source_text': '；：：：は？', 'translation': 'What?', 'source_len': 6, 'translation_len': 5, 'ratio': 0.83}"
07.webp,1,"[907, 158, 997, 413]",detection_plausibility,False,none,"{'box_width': 90, 'box_height': 255, 'source_len': 6, 'confidence': None, 'chars_per_100px_height': 2.35}"
07.webp,1,"[305, 735, 393, 1069]",text_fit,False,none,"{'box_width': 88, 'box_height': 334, 'chosen_font_size': 10, 'ceiling_font_size': 88, 'line_count': 1, 'lines': ['A hook?'], 'max_line_width': 35, 'total_text_height': 8, 'width_overflow_px': 0, 'height_overflow_px': 0, 'box_aspect_h_over_w': 3.8, 'hard_wrapped_single_word': False}"
07.webp,1,"[305, 735, 393, 1069]",translation_sanity,False,none,"{'source_text': '鼻：フック？', 'translation': 'A hook?', 'source_len': 6, 'translation_len': 7, 'ratio': 1.17}"
07.webp,1,"[305, 735, 393, 1069]",detection_plausibility,False,none,"{'box_width': 88, 'box_height': 334, 'source_len': 6, 'confidence': None, 'chars_per_100px_height': 1.8}"
07.webp,1,"[851, 987, 871, 1011]",text_fit,False,none,"{'box_width': 20, 'box_height': 24, 'chosen_font_size': 10, 'ceiling_font_size': 20, 'line_count': 2, 'lines': ['Late', 'r'], 'max_line_width': 20, 'total_text_height': 16, 'width_overflow_px': 0, 'height_overflow_px': 0, 'box_aspect_h_over_w': 1.2, 'hard_wrapped_single_word': False}"
07.webp,1,"[851, 987, 871, 1011]",translation_sanity,False,none,"{'source_text': 'あと', 'translation': 'Later', 'source_len': 2, 'translation_len': 5, 'ratio': 2.5}"
07.webp,1,"[851, 987, 871, 1011]",detection_plausibility,False,none,"{'box_width': 20, 'box_height': 24, 'source_len': 2, 'confidence': None, 'chars_per_100px_height': 8.33}"
07.webp,1,"[700, 1225, 798, 1413]",text_fit,False,none,"{'box_width': 98, 'box_height': 188, 'chosen_font_size': 10, 'ceiling_font_size': 98, 'line_count': 1, 'lines': ['Me too?'], 'max_line_width': 34, 'total_text_height': 8, 'width_overflow_px': 0, 'height_overflow_px': 0, 'box_aspect_h_over_w': 1.92, 'hard_wrapped_single_word': False}"
07.webp,1,"[700, 1225, 798, 1413]",translation_sanity,False,none,"{'source_text': '私も？', 'translation': 'Me too?', 'source_len': 3, 'translation_len': 7, 'ratio': 2.33}"
07.webp,1,"[700, 1225, 798, 1413]",detection_plausibility,False,none,"{'box_width': 98, 'box_height': 188, 'source_len': 3, 'confidence': None, 'chars_per_100px_height': 1.6}"
07.webp,1,"[103, 1243, 236, 1626]",text_fit,False,none,"{'box_width': 133, 'box_height': 383, 'chosen_font_size': 10, 'ceiling_font_size': 133, 'line_count': 2, 'lines': ['Well, I already put it on', 'before…'], 'max_line_width': 105, 'total_text_height': 21, 'width_overflow_px': 0, 'height_overflow_px': 0, 'box_aspect_h_over_w': 2.88, 'hard_wrapped_single_word': False}"
07.webp,1,"[103, 1243, 236, 1626]",translation_sanity,False,none,"{'source_text': 'ま、前にも付けたような．．．', 'translation': 'Well, I already put it on before…', 'source_len': 14, 'translation_len': 33, 'ratio': 2.36}"
07.webp,1,"[103, 1243, 236, 1626]",detection_plausibility,False,none,"{'box_width': 133, 'box_height': 383, 'source_len': 14, 'confidence': None, 'chars_per_100px_height': 3.66}"
07.webp,1,"[1257, 1798, 1280, 1823]",text_fit,False,none,"{'box_width': 23, 'box_height': 25, 'chosen_font_size': 10, 'ceiling_font_size': 23, 'line_count': 2, 'lines': ['Wha', 't?!'], 'max_line_width': 22, 'total_text_height': 18, 'width_overflow_px': 0, 'height_overflow_px': 0, 'box_aspect_h_over_w': 1.09, 'hard_wrapped_single_word': False}"
07.webp,1,"[1257, 1798, 1280, 1823]",translation_sanity,False,none,"{'source_text': '！？', 'translation': 'What?!', 'source_len': 2, 'translation_len': 6, 'ratio': 3.0}"
07.webp,1,"[1257, 1798, 1280, 1823]",detection_plausibility,False,none,"{'box_width': 23, 'box_height': 25, 'source_len': 2, 'confidence': None, 'chars_per_100px_height': 8.0}"
08.webp,1,"[1050, 72, 1213, 450]",text_fit,False,none,"{'box_width': 163, 'box_height': 378, 'chosen_font_size': 10, 'ceiling_font_size': 163, 'line_count': 1, 'lines': [""You're cute, Rin""], 'max_line_width': 72, 'total_text_height': 9, 'width_overflow_px': 0, 'height_overflow_px': 0, 'box_aspect_h_over_w': 2.32, 'hard_wrapped_single_word': False}"
08.webp,1,"[1050, 72, 1213, 450]",translation_sanity,False,none,"{'source_text': 'かわいいよ、凛子', 'translation': ""You're cute, Rin"", 'source_len': 8, 'translation_len': 16, 'ratio': 2.0}"
08.webp,1,"[1050, 72, 1213, 450]",detection_plausibility,False,none,"{'box_width': 163, 'box_height': 378, 'source_len': 8, 'confidence': None, 'chars_per_100px_height': 2.12}"
08.webp,1,"[84, 976, 252, 1345]",text_fit,False,none,"{'box_width': 168, 'box_height': 369, 'chosen_font_size': 10, 'ceiling_font_size': 168, 'line_count': 1, 'lines': ['Ah...'], 'max_line_width': 19, 'total_text_height': 8, 'width_overflow_px': 0, 'height_overflow_px': 0, 'box_aspect_h_over_w': 2.2, 'hard_wrapped_single_word': False}"
08.webp,1,"[84, 976, 252, 1345]",translation_sanity,False,none,"{'source_text': 'ああ．．．', 'translation': 'Ah...', 'source_len': 5, 'translation_len': 5, 'ratio': 1.0}"
08.webp,1,"[84, 976, 252, 1345]",detection_plausibility,False,none,"{'box_width': 168, 'box_height': 369, 'source_len': 5, 'confidence': None, 'chars_per_100px_height': 1.36}"
08.webp,1,"[0, 1795, 20, 1824]",text_fit,True,high,"{'box_width': 20, 'box_height': 29, 'chosen_font_size': 10, 'ceiling_font_size': 20, 'line_count': 23, 'lines': ['(No', 'output', '-', 'the', 'particle', '""と""', 'alone', 'carries', 'no', 'translatable', 'meaning', 'in', 'this', 'context', 'and', 'would', 'not', 'be', 'rendered', 'in', 'natural', 'English', 'dialogue.)'], 'max_line_width': 54, 'total_text_height': 235, 'width_overflow_px': 34, 'height_overflow_px': 206, 'box_aspect_h_over_w': 1.45, 'hard_wrapped_single_word': False}"
08.webp,1,"[0, 1795, 20, 1824]",translation_sanity,True,medium,"{'source_text': 'と', 'translation': '(No output - the particle ""と"" alone carries no translatable meaning in this context and would not be rendered in natural English dialogue.)', 'source_len': 1, 'translation_len': 139, 'ratio': 139.0}"
08.webp,1,"[0, 1795, 20, 1824]",detection_plausibility,False,none,"{'box_width': 20, 'box_height': 29, 'source_len': 1, 'confidence': None, 'chars_per_100px_height': 3.45}"
09.webp,1,"[1037, 50, 1198, 405]",text_fit,False,none,"{'box_width': 161, 'box_height': 355, 'chosen_font_size': 10, 'ceiling_font_size': 161, 'line_count': 1, 'lines': [""You're cute, Aibana.""], 'max_line_width': 90, 'total_text_height': 9, 'width_overflow_px': 0, 'height_overflow_px': 0, 'box_aspect_h_over_w': 2.2, 'hard_wrapped_single_word': False}"
09.webp,1,"[1037, 50, 1198, 405]",translation_sanity,False,none,"{'source_text': 'かわいいよ愛鼻', 'translation': ""You're cute, Aibana."", 'source_len': 7, 'translation_len': 20, 'ratio': 2.86}"
09.webp,1,"[1037, 50, 1198, 405]",detection_plausibility,False,none,"{'box_width': 161, 'box_height': 355, 'source_len': 7, 'confidence': None, 'chars_per_100px_height': 1.97}"
09.webp,1,"[71, 139, 233, 597]",text_fit,False,none,"{'box_width': 162, 'box_height': 458, 'chosen_font_size': 10, 'ceiling_font_size': 162, 'line_count': 1, 'lines': ['Huh— you used my name!'], 'max_line_width': 119, 'total_text_height': 10, 'width_overflow_px': 0, 'height_overflow_px': 0, 'box_aspect_h_over_w': 2.83, 'hard_wrapped_single_word': False}"
09.webp,1,"[71, 139, 233, 597]",translation_sanity,False,none,"{'source_text': 'ひ、人の名前を勝手に：：', 'translation': 'Huh— you used my name!', 'source_len': 12, 'translation_len': 22, 'ratio': 1.83}"
09.webp,1,"[71, 139, 233, 597]",detection_plausibility,False,none,"{'box_width': 162, 'box_height': 458, 'source_len': 12, 'confidence': None, 'chars_per_100px_height': 2.62}"
09.webp,1,"[58, 949, 240, 1306]",text_fit,False,none,"{'box_width': 182, 'box_height': 357, 'chosen_font_size': 10, 'ceiling_font_size': 182, 'line_count': 1, 'lines': ['Ah…'], 'max_line_width': 19, 'total_text_height': 8, 'width_overflow_px': 0, 'height_overflow_px': 0, 'box_aspect_h_over_w': 1.96, 'hard_wrapped_single_word': False}"
09.webp,1,"[58, 949, 240, 1306]",translation_sanity,False,none,"{'source_text': 'ああ．．．', 'translation': 'Ah…', 'source_len': 5, 'translation_len': 3, 'ratio': 0.6}"
09.webp,1,"[58, 949, 240, 1306]",detection_plausibility,False,none,"{'box_width': 182, 'box_height': 357, 'source_len': 5, 'confidence': None, 'chars_per_100px_height': 1.4}"
09.webp,1,"[1257, 1789, 1279, 1811]",text_fit,False,none,"{'box_width': 22, 'box_height': 22, 'chosen_font_size': 10, 'ceiling_font_size': 22, 'line_count': 1, 'lines': ['07'], 'max_line_width': 12, 'total_text_height': 8, 'width_overflow_px': 0, 'height_overflow_px': 0, 'box_aspect_h_over_w': 1.0, 'hard_wrapped_single_word': False}"
09.webp,1,"[1257, 1789, 1279, 1811]",translation_sanity,False,none,"{'source_text': '０７', 'translation': '07', 'source_len': 2, 'translation_len': 2, 'ratio': 1.0}"
09.webp,1,"[1257, 1789, 1279, 1811]",detection_plausibility,False,none,"{'box_width': 22, 'box_height': 22, 'source_len': 2, 'confidence': None, 'chars_per_100px_height': 9.09}"
10.webp,1,"[120, 64, 296, 445]",text_fit,False,none,"{'box_width': 176, 'box_height': 381, 'chosen_font_size': 10, 'ceiling_font_size': 176, 'line_count': 1, 'lines': [""Wha... I'm the only one...""], 'max_line_width': 109, 'total_text_height': 10, 'width_overflow_px': 0, 'height_overflow_px': 0, 'box_aspect_h_over_w': 2.16, 'hard_wrapped_single_word': False}"
10.webp,1,"[120, 64, 296, 445]",translation_sanity,False,none,"{'source_text': 'わ、私だけこんな．．．', 'translation': ""Wha... I'm the only one..."", 'source_len': 11, 'translation_len': 26, 'ratio': 2.36}"
10.webp,1,"[120, 64, 296, 445]",detection_plausibility,False,none,"{'box_width': 176, 'box_height': 381, 'source_len': 11, 'confidence': None, 'chars_per_100px_height': 2.89}"
10.webp,1,"[1086, 88, 1246, 429]",text_fit,False,none,"{'box_width': 160, 'box_height': 341, 'chosen_font_size': 10, 'ceiling_font_size': 160, 'line_count': 1, 'lines': [""You're cute, Nene.""], 'max_line_width': 85, 'total_text_height': 9, 'width_overflow_px': 0, 'height_overflow_px': 0, 'box_aspect_h_over_w': 2.13, 'hard_wrapped_single_word': False}"
10.webp,1,"[1086, 88, 1246, 429]",translation_sanity,False,none,"{'source_text': 'かわいいよ寧々', 'translation': ""You're cute, Nene."", 'source_len': 7, 'translation_len': 18, 'ratio': 2.57}"
10.webp,1,"[1086, 88, 1246, 429]",detection_plausibility,False,none,"{'box_width': 160, 'box_height': 341, 'source_len': 7, 'confidence': None, 'chars_per_100px_height': 2.05}"
10.webp,1,"[112, 1164, 259, 1522]",text_fit,False,none,"{'box_width': 147, 'box_height': 358, 'chosen_font_size': 10, 'ceiling_font_size': 147, 'line_count': 1, 'lines': ['Ah...'], 'max_line_width': 19, 'total_text_height': 8, 'width_overflow_px': 0, 'height_overflow_px': 0, 'box_aspect_h_over_w': 2.44, 'hard_wrapped_single_word': False}"
10.webp,1,"[112, 1164, 259, 1522]",translation_sanity,False,none,"{'source_text': 'ああ．．．', 'translation': 'Ah...', 'source_len': 5, 'translation_len': 5, 'ratio': 1.0}"
10.webp,1,"[112, 1164, 259, 1522]",detection_plausibility,False,none,"{'box_width': 147, 'box_height': 358, 'source_len': 5, 'confidence': None, 'chars_per_100px_height': 1.4}"
10.webp,1,"[222, 1569, 1018, 1754]",text_fit,False,none,"{'box_width': 796, 'box_height': 185, 'chosen_font_size': 10, 'ceiling_font_size': 185, 'line_count': 1, 'lines': ['Nose hooks, all sorts. Some even come at you from 25 directions. No privacy left in your nostrils.'], 'max_line_width': 427, 'total_text_height': 11, 'width_overflow_px': 0, 'height_overflow_px': 0, 'box_aspect_h_over_w': 0.23, 'hard_wrapped_single_word': False}"
10.webp,1,"[222, 1569, 1018, 1754]",translation_sanity,False,none,"{'source_text': '鼻フック、ろいろ。その２５方向から責めあげるものも存在します。もはや鼻の穴にプライバシーはありません。', 'translation': 'Nose hooks, all sorts. Some even come at you from 25 directions. No privacy left in your nostrils.', 'source_len': 51, 'translation_len': 98, 'ratio': 1.92}"
10.webp,1,"[222, 1569, 1018, 1754]",detection_plausibility,True,low,"{'box_width': 796, 'box_height': 185, 'source_len': 51, 'confidence': None, 'chars_per_100px_height': 27.57}"
11.webp,1,"[75, 52, 277, 373]",text_fit,False,none,"{'box_width': 202, 'box_height': 321, 'chosen_font_size': 10, 'ceiling_font_size': 202, 'line_count': 1, 'lines': ['Ah,'], 'max_line_width': 15, 'total_text_height': 9, 'width_overflow_px': 0, 'height_overflow_px': 0, 'box_aspect_h_over_w': 1.59, 'hard_wrapped_single_word': False}"
11.webp,1,"[75, 52, 277, 373]",translation_sanity,False,none,"{'source_text': 'ああ、', 'translation': 'Ah,', 'source_len': 3, 'translation_len': 3, 'ratio': 1.0}"
11.webp,1,"[75, 52, 277, 373]",detection_plausibility,False,none,"{'box_width': 202, 'box_height': 321, 'source_len': 3, 'confidence': None, 'chars_per_100px_height': 0.93}"
11.webp,1,"[259, 1543, 989, 1732]",text_fit,False,none,"{'box_width': 730, 'box_height': 189, 'chosen_font_size': 10, 'ceiling_font_size': 189, 'line_count': 1, 'lines': [""Various nose hooks—some have a broad tip. It's a nose that gives everything to the other person, an investment nose.""], 'max_line_width': 522, 'total_text_height': 10, 'width_overflow_px': 0, 'height_overflow_px': 0, 'box_aspect_h_over_w': 0.26, 'hard_wrapped_single_word': False}"
11.webp,1,"[259, 1543, 989, 1732]",translation_sanity,False,none,"{'source_text': '「鼻フックいろいろ」ろックの先端自信が広いものもあります。相手にすべてを捧げた、投資の鼻です。', 'translation': ""Various nose hooks—some have a broad tip. It's a nose that gives everything to the other person, an investment nose."", 'source_len': 47, 'translation_len': 116, 'ratio': 2.47}"
11.webp,1,"[259, 1543, 989, 1732]",detection_plausibility,False,none,"{'box_width': 730, 'box_height': 189, 'source_len': 47, 'confidence': None, 'chars_per_100px_height': 24.87}"
11.webp,1,"[1261, 1785, 1280, 1806]",text_fit,False,none,"{'box_width': 19, 'box_height': 21, 'chosen_font_size': 10, 'ceiling_font_size': 19, 'line_count': 2, 'lines': ['ele', 'ven'], 'max_line_width': 18, 'total_text_height': 16, 'width_overflow_px': 0, 'height_overflow_px': 0, 'box_aspect_h_over_w': 1.11, 'hard_wrapped_single_word': False}"
11.webp,1,"[1261, 1785, 1280, 1806]",translation_sanity,False,none,"{'source_text': '１１', 'translation': 'eleven', 'source_len': 2, 'translation_len': 6, 'ratio': 3.0}"
11.webp,1,"[1261, 1785, 1280, 1806]",detection_plausibility,False,none,"{'box_width': 19, 'box_height': 21, 'source_len': 2, 'confidence': None, 'chars_per_100px_height': 9.52}"
12.webp,1,"[1078, 206, 1234, 666]",text_fit,False,none,"{'box_width': 156, 'box_height': 460, 'chosen_font_size': 10, 'ceiling_font_size': 156, 'line_count': 1, 'lines': ['Miku, pfft.'], 'max_line_width': 46, 'total_text_height': 11, 'width_overflow_px': 0, 'height_overflow_px': 0, 'box_aspect_h_over_w': 2.95, 'hard_wrapped_single_word': False}"
12.webp,1,"[1078, 206, 1234, 666]",translation_sanity,False,none,"{'source_text': 'ミクだブヒ', 'translation': 'Miku, pfft.', 'source_len': 5, 'translation_len': 11, 'ratio': 2.2}"
12.webp,1,"[1078, 206, 1234, 666]",detection_plausibility,False,none,"{'box_width': 156, 'box_height': 460, 'source_len': 5, 'confidence': None, 'chars_per_100px_height': 1.09}"
12.webp,1,"[126, 1046, 264, 1348]",text_fit,False,none,"{'box_width': 138, 'box_height': 302, 'chosen_font_size': 10, 'ceiling_font_size': 138, 'line_count': 1, 'lines': ['Ah...'], 'max_line_width': 19, 'total_text_height': 8, 'width_overflow_px': 0, 'height_overflow_px': 0, 'box_aspect_h_over_w': 2.19, 'hard_wrapped_single_word': False}"
12.webp,1,"[126, 1046, 264, 1348]",translation_sanity,False,none,"{'source_text': 'ああ．．．', 'translation': 'Ah...', 'source_len': 5, 'translation_len': 5, 'ratio': 1.0}"
12.webp,1,"[126, 1046, 264, 1348]",detection_plausibility,False,none,"{'box_width': 138, 'box_height': 302, 'source_len': 5, 'confidence': None, 'chars_per_100px_height': 1.66}"
12.webp,1,"[0, 1807, 12, 1820]",text_fit,True,high,"{'box_width': 12, 'box_height': 13, 'chosen_font_size': 10, 'ceiling_font_size': 12, 'line_count': 3, 'lines': ['H', 'u', 'h'], 'max_line_width': 8, 'total_text_height': 26, 'width_overflow_px': 0, 'height_overflow_px': 13, 'box_aspect_h_over_w': 1.08, 'hard_wrapped_single_word': False}"
12.webp,1,"[0, 1807, 12, 1820]",translation_sanity,False,none,"{'source_text': 'え', 'translation': 'Huh', 'source_len': 1, 'translation_len': 3, 'ratio': 3.0}"
12.webp,1,"[0, 1807, 12, 1820]",detection_plausibility,False,none,"{'box_width': 12, 'box_height': 13, 'source_len': 1, 'confidence': None, 'chars_per_100px_height': 7.69}"
13.webp,1,"[78, 32, 225, 496]",text_fit,False,none,"{'box_width': 147, 'box_height': 464, 'chosen_font_size': 10, 'ceiling_font_size': 147, 'line_count': 1, 'lines': [""It's Luca, oink!""], 'max_line_width': 64, 'total_text_height': 9, 'width_overflow_px': 0, 'height_overflow_px': 0, 'box_aspect_h_over_w': 3.16, 'hard_wrapped_single_word': False}"
13.webp,1,"[78, 32, 225, 496]",translation_sanity,False,none,"{'source_text': 'ルカだブヒ', 'translation': ""It's Luca, oink!"", 'source_len': 5, 'translation_len': 16, 'ratio': 3.2}"
13.webp,1,"[78, 32, 225, 496]",detection_plausibility,False,none,"{'box_width': 147, 'box_height': 464, 'source_len': 5, 'confidence': None, 'chars_per_100px_height': 1.08}"
13.webp,1,"[525, 398, 566, 453]",text_fit,False,none,"{'box_width': 41, 'box_height': 55, 'chosen_font_size': 10, 'ceiling_font_size': 41, 'line_count': 1, 'lines': ['Ah!'], 'max_line_width': 16, 'total_text_height': 8, 'width_overflow_px': 0, 'height_overflow_px': 0, 'box_aspect_h_over_w': 1.34, 'hard_wrapped_single_word': False}"
13.webp,1,"[525, 398, 566, 453]",translation_sanity,False,none,"{'source_text': 'あ', 'translation': 'Ah!', 'source_len': 1, 'translation_len': 3, 'ratio': 3.0}"
13.webp,1,"[525, 398, 566, 453]",detection_plausibility,False,none,"{'box_width': 41, 'box_height': 55, 'source_len': 1, 'confidence': None, 'chars_per_100px_height': 1.82}"
13.webp,1,"[114, 1062, 238, 1366]",text_fit,False,none,"{'box_width': 124, 'box_height': 304, 'chosen_font_size': 10, 'ceiling_font_size': 124, 'line_count': 1, 'lines': ['Ah...'], 'max_line_width': 19, 'total_text_height': 8, 'width_overflow_px': 0, 'height_overflow_px': 0, 'box_aspect_h_over_w': 2.45, 'hard_wrapped_single_word': False}"
13.webp,1,"[114, 1062, 238, 1366]",translation_sanity,False,none,"{'source_text': 'ああ．．．', 'translation': 'Ah...', 'source_len': 5, 'translation_len': 5, 'ratio': 1.0}"
13.webp,1,"[114, 1062, 238, 1366]",detection_plausibility,False,none,"{'box_width': 124, 'box_height': 304, 'source_len': 5, 'confidence': None, 'chars_per_100px_height': 1.64}"
14.webp,1,"[843, 336, 1197, 1228]",text_fit,False,none,"{'box_width': 354, 'box_height': 892, 'chosen_font_size': 10, 'ceiling_font_size': 354, 'line_count': 1, 'lines': ['...hehe'], 'max_line_width': 32, 'total_text_height': 8, 'width_overflow_px': 0, 'height_overflow_px': 0, 'box_aspect_h_over_w': 2.52, 'hard_wrapped_single_word': False}"
14.webp,1,"[843, 336, 1197, 1228]",translation_sanity,False,none,"{'source_text': '．．．えへへ', 'translation': '...hehe', 'source_len': 6, 'translation_len': 7, 'ratio': 1.17}"
14.webp,1,"[843, 336, 1197, 1228]",detection_plausibility,False,none,"{'box_width': 354, 'box_height': 892, 'source_len': 6, 'confidence': None, 'chars_per_100px_height': 0.67}"
14.webp,1,"[127, 396, 282, 673]",text_fit,False,none,"{'box_width': 155, 'box_height': 277, 'chosen_font_size': 10, 'ceiling_font_size': 155, 'line_count': 3, 'lines': ['[REDACTED 2026-09-14 -- explicit/suggestive dialogue, non-fired row, content not needed for any documented finding]'], 'max_line_width': 146, 'total_text_height': 36, 'width_overflow_px': 0, 'height_overflow_px': 0, 'box_aspect_h_over_w': 1.79, 'hard_wrapped_single_word': False}"
14.webp,1,"[127, 396, 282, 673]",translation_sanity,False,none,"{'source_text': '[REDACTED 2026-09-14 -- explicit/suggestive dialogue, non-fired row, content not needed for any documented finding]', 'translation': '[REDACTED 2026-09-14 -- explicit/suggestive dialogue, non-fired row, content not needed for any documented finding]', 'source_len': 31, 'translation_len': 87, 'ratio': 2.81}"
14.webp,1,"[127, 396, 282, 673]",detection_plausibility,False,none,"{'box_width': 155, 'box_height': 277, 'source_len': 31, 'confidence': None, 'chars_per_100px_height': 11.19}"
14.webp,1,"[693, 434, 810, 566]",text_fit,False,none,"{'box_width': 117, 'box_height': 132, 'chosen_font_size': 10, 'ceiling_font_size': 117, 'line_count': 1, 'lines': ['Uhh…'], 'max_line_width': 27, 'total_text_height': 8, 'width_overflow_px': 0, 'height_overflow_px': 0, 'box_aspect_h_over_w': 1.13, 'hard_wrapped_single_word': False}"
14.webp,1,"[693, 434, 810, 566]",translation_sanity,False,none,"{'source_text': 'えぇ．．．', 'translation': 'Uhh…', 'source_len': 5, 'translation_len': 4, 'ratio': 0.8}"
14.webp,1,"[693, 434, 810, 566]",detection_plausibility,False,none,"{'box_width': 117, 'box_height': 132, 'source_len': 5, 'confidence': None, 'chars_per_100px_height': 3.79}"
14.webp,1,"[0, 992, 578, 1458]",text_fit,False,none,"{'box_width': 578, 'box_height': 466, 'chosen_font_size': 10, 'ceiling_font_size': 466, 'line_count': 1, 'lines': ['Huh? Oh? Huh?'], 'max_line_width': 74, 'total_text_height': 8, 'width_overflow_px': 0, 'height_overflow_px': 0, 'box_aspect_h_over_w': 0.81, 'hard_wrapped_single_word': False}"
14.webp,1,"[0, 992, 578, 1458]",translation_sanity,False,none,"{'source_text': 'えっ、へー、へ', 'translation': 'Huh? Oh? Huh?', 'source_len': 7, 'translation_len': 13, 'ratio': 1.86}"
14.webp,1,"[0, 992, 578, 1458]",detection_plausibility,False,none,"{'box_width': 578, 'box_height': 466, 'source_len': 7, 'confidence': None, 'chars_per_100px_height': 1.5}"
14.webp,1,"[599, 1087, 814, 1264]",text_fit,False,none,"{'box_width': 215, 'box_height': 177, 'chosen_font_size': 10, 'ceiling_font_size': 177, 'line_count': 1, 'lines': ['haha'], 'max_line_width': 24, 'total_text_height': 8, 'width_overflow_px': 0, 'height_overflow_px': 0, 'box_aspect_h_over_w': 0.82, 'hard_wrapped_single_word': False}"
14.webp,1,"[599, 1087, 814, 1264]",translation_sanity,False,none,"{'source_text': 'ハハハ', 'translation': 'haha', 'source_len': 3, 'translation_len': 4, 'ratio': 1.33}"
14.webp,1,"[599, 1087, 814, 1264]",detection_plausibility,False,none,"{'box_width': 215, 'box_height': 177, 'source_len': 3, 'confidence': None, 'chars_per_100px_height': 1.69}"
14.webp,1,"[561, 1498, 844, 1793]",text_fit,False,none,"{'box_width': 283, 'box_height': 295, 'chosen_font_size': 10, 'ceiling_font_size': 283, 'line_count': 1, 'lines': ['Heh,'], 'max_line_width': 23, 'total_text_height': 9, 'width_overflow_px': 0, 'height_overflow_px': 0, 'box_aspect_h_over_w': 1.04, 'hard_wrapped_single_word': False}"
14.webp,1,"[561, 1498, 844, 1793]",translation_sanity,False,none,"{'source_text': 'ふふっ、', 'translation': 'Heh,', 'source_len': 4, 'translation_len': 4, 'ratio': 1.0}"
14.webp,1,"[561, 1498, 844, 1793]",detection_plausibility,False,none,"{'box_width': 283, 'box_height': 295, 'source_len': 4, 'confidence': None, 'chars_per_100px_height': 1.36}"
14.webp,1,"[330, 1517, 487, 1717]",text_fit,False,none,"{'box_width': 157, 'box_height': 200, 'chosen_font_size': 10, 'ceiling_font_size': 157, 'line_count': 1, 'lines': ['Hey!'], 'max_line_width': 22, 'total_text_height': 10, 'width_overflow_px': 0, 'height_overflow_px': 0, 'box_aspect_h_over_w': 1.27, 'hard_wrapped_single_word': False}"
14.webp,1,"[330, 1517, 487, 1717]",translation_sanity,False,none,"{'source_text': 'ちょっ', 'translation': 'Hey!', 'source_len': 3, 'translation_len': 4, 'ratio': 1.33}"
14.webp,1,"[330, 1517, 487, 1717]",detection_plausibility,False,none,"{'box_width': 157, 'box_height': 200, 'source_len': 3, 'confidence': None, 'chars_per_100px_height': 1.5}"
14.webp,1,"[1122, 1622, 1240, 1775]",text_fit,False,none,"{'box_width': 118, 'box_height': 153, 'chosen_font_size': 10, 'ceiling_font_size': 118, 'line_count': 1, 'lines': ['What?!""'], 'max_line_width': 35, 'total_text_height': 8, 'width_overflow_px': 0, 'height_overflow_px': 0, 'box_aspect_h_over_w': 1.3, 'hard_wrapped_single_word': False}"
14.webp,1,"[1122, 1622, 1240, 1775]",translation_sanity,False,none,"{'source_text': '！？', 'translation': 'What?!""', 'source_len': 2, 'translation_len': 7, 'ratio': 3.5}"
14.webp,1,"[1122, 1622, 1240, 1775]",detection_plausibility,False,none,"{'box_width': 118, 'box_height': 153, 'source_len': 2, 'confidence': None, 'chars_per_100px_height': 1.31}"
15.webp,1,"[907, 0, 1280, 485]",text_fit,False,none,"{'box_width': 373, 'box_height': 485, 'chosen_font_size': 10, 'ceiling_font_size': 373, 'line_count': 1, 'lines': ['Sorry'], 'max_line_width': 25, 'total_text_height': 10, 'width_overflow_px': 0, 'height_overflow_px': 0, 'box_aspect_h_over_w': 1.3, 'hard_wrapped_single_word': False}"
15.webp,1,"[907, 0, 1280, 485]",translation_sanity,False,none,"{'source_text': 'すみません', 'translation': 'Sorry', 'source_len': 5, 'translation_len': 5, 'ratio': 1.0}"
15.webp,1,"[907, 0, 1280, 485]",detection_plausibility,False,none,"{'box_width': 373, 'box_height': 485, 'source_len': 5, 'confidence': None, 'chars_per_100px_height': 1.03}"
15.webp,1,"[0, 73, 793, 1280]",text_fit,False,none,"{'box_width': 793, 'box_height': 1207, 'chosen_font_size': 10, 'ceiling_font_size': 793, 'line_count': 1, 'lines': ['Eh...'], 'max_line_width': 19, 'total_text_height': 8, 'width_overflow_px': 0, 'height_overflow_px': 0, 'box_aspect_h_over_w': 1.52, 'hard_wrapped_single_word': False}"
15.webp,1,"[0, 73, 793, 1280]",translation_sanity,False,none,"{'source_text': 'え．．．', 'translation': 'Eh...', 'source_len': 4, 'translation_len': 5, 'ratio': 1.25}"
15.webp,1,"[0, 73, 793, 1280]",detection_plausibility,False,none,"{'box_width': 793, 'box_height': 1207, 'source_len': 4, 'confidence': None, 'chars_per_100px_height': 0.33}"
15.webp,1,"[933, 652, 1280, 1026]",text_fit,False,none,"{'box_width': 347, 'box_height': 374, 'chosen_font_size': 10, 'ceiling_font_size': 347, 'line_count': 1, 'lines': [""You're such a sweet Akane… you're cute like a little sister, though.""], 'max_line_width': 298, 'total_text_height': 10, 'width_overflow_px': 0, 'height_overflow_px': 0, 'box_aspect_h_over_w': 1.08, 'hard_wrapped_single_word': False}"
15.webp,1,"[933, 652, 1280, 1026]",translation_sanity,False,none,"{'source_text': 'いい茜ちゃん．．．妹みたいにかわいいのに', 'translation': ""You're such a sweet Akane… you're cute like a little sister, though."", 'source_len': 20, 'translation_len': 68, 'ratio': 3.4}"
15.webp,1,"[933, 652, 1280, 1026]",detection_plausibility,False,none,"{'box_width': 347, 'box_height': 374, 'source_len': 20, 'confidence': None, 'chars_per_100px_height': 5.35}"
15.webp,1,"[571, 1031, 1280, 1562]",text_fit,False,none,"{'box_width': 709, 'box_height': 531, 'chosen_font_size': 10, 'ceiling_font_size': 531, 'line_count': 1, 'lines': ['By the way,'], 'max_line_width': 51, 'total_text_height': 10, 'width_overflow_px': 0, 'height_overflow_px': 0, 'box_aspect_h_over_w': 0.75, 'hard_wrapped_single_word': False}"
15.webp,1,"[571, 1031, 1280, 1562]",translation_sanity,False,none,"{'source_text': 'そういえば、', 'translation': 'By the way,', 'source_len': 6, 'translation_len': 11, 'ratio': 1.83}"
15.webp,1,"[571, 1031, 1280, 1562]",detection_plausibility,False,none,"{'box_width': 709, 'box_height': 531, 'source_len': 6, 'confidence': None, 'chars_per_100px_height': 1.13}"
15.webp,1,"[310, 1054, 456, 1173]",text_fit,False,none,"{'box_width': 146, 'box_height': 119, 'chosen_font_size': 10, 'ceiling_font_size': 119, 'line_count': 1, 'lines': ['Huh!'], 'max_line_width': 25, 'total_text_height': 8, 'width_overflow_px': 0, 'height_overflow_px': 0, 'box_aspect_h_over_w': 0.82, 'hard_wrapped_single_word': False}"
15.webp,1,"[310, 1054, 456, 1173]",translation_sanity,False,none,"{'source_text': 'Ｗａｂ', 'translation': 'Huh!', 'source_len': 3, 'translation_len': 4, 'ratio': 1.33}"
15.webp,1,"[310, 1054, 456, 1173]",detection_plausibility,False,none,"{'box_width': 146, 'box_height': 119, 'source_len': 3, 'confidence': None, 'chars_per_100px_height': 2.52}"
15.webp,1,"[1063, 1604, 1225, 1748]",text_fit,False,none,"{'box_width': 162, 'box_height': 144, 'chosen_font_size': 10, 'ceiling_font_size': 144, 'line_count': 1, 'lines': ['AIA'], 'max_line_width': 16, 'total_text_height': 8, 'width_overflow_px': 0, 'height_overflow_px': 0, 'box_aspect_h_over_w': 0.89, 'hard_wrapped_single_word': False}"
15.webp,1,"[1063, 1604, 1225, 1748]",translation_sanity,False,none,"{'source_text': '「ＡＩＡ', 'translation': 'AIA', 'source_len': 4, 'translation_len': 3, 'ratio': 0.75}"
15.webp,1,"[1063, 1604, 1225, 1748]",detection_plausibility,False,none,"{'box_width': 162, 'box_height': 144, 'source_len': 4, 'confidence': None, 'chars_per_100px_height': 2.78}"
15.webp,1,"[67, 1615, 232, 1753]",text_fit,False,none,"{'box_width': 165, 'box_height': 138, 'chosen_font_size': 10, 'ceiling_font_size': 138, 'line_count': 1, 'lines': ['Can I borrow?'], 'max_line_width': 62, 'total_text_height': 8, 'width_overflow_px': 0, 'height_overflow_px': 0, 'box_aspect_h_over_w': 0.84, 'hard_wrapped_single_word': False}"
15.webp,1,"[67, 1615, 232, 1753]",translation_sanity,False,none,"{'source_text': 'かり', 'translation': 'Can I borrow?', 'source_len': 2, 'translation_len': 13, 'ratio': 6.5}"
15.webp,1,"[67, 1615, 232, 1753]",detection_plausibility,False,none,"{'box_width': 165, 'box_height': 138, 'source_len': 2, 'confidence': None, 'chars_per_100px_height': 1.45}"
15.webp,1,"[410, 1627, 565, 1755]",text_fit,False,none,"{'box_width': 155, 'box_height': 128, 'chosen_font_size': 10, 'ceiling_font_size': 128, 'line_count': 1, 'lines': ['Thanks'], 'max_line_width': 35, 'total_text_height': 8, 'width_overflow_px': 0, 'height_overflow_px': 0, 'box_aspect_h_over_w': 0.83, 'hard_wrapped_single_word': False}"
15.webp,1,"[410, 1627, 565, 1755]",translation_sanity,False,none,"{'source_text': 'ＴＨＡ', 'translation': 'Thanks', 'source_len': 3, 'translation_len': 6, 'ratio': 2.0}"
15.webp,1,"[410, 1627, 565, 1755]",detection_plausibility,False,none,"{'box_width': 155, 'box_height': 128, 'source_len': 3, 'confidence': None, 'chars_per_100px_height': 2.34}"
15.webp,1,"[898, 1671, 1042, 1789]",text_fit,False,none,"{'box_width': 144, 'box_height': 118, 'chosen_font_size': 10, 'ceiling_font_size': 118, 'line_count': 1, 'lines': ['AIP'], 'max_line_width': 15, 'total_text_height': 8, 'width_overflow_px': 0, 'height_overflow_px': 0, 'box_aspect_h_over_w': 0.82, 'hard_wrapped_single_word': False}"
15.webp,1,"[898, 1671, 1042, 1789]",translation_sanity,False,none,"{'source_text': '「ＡＩＰ', 'translation': 'AIP', 'source_len': 4, 'translation_len': 3, 'ratio': 0.75}"
15.webp,1,"[898, 1671, 1042, 1789]",detection_plausibility,False,none,"{'box_width': 144, 'box_height': 118, 'source_len': 4, 'confidence': None, 'chars_per_100px_height': 3.39}"
16.webp,1,"[0, 0, 936, 1060]",text_fit,False,none,"{'box_width': 936, 'box_height': 1060, 'chosen_font_size': 10, 'ceiling_font_size': 936, 'line_count': 1, 'lines': ['Ah, aaaa'], 'max_line_width': 37, 'total_text_height': 9, 'width_overflow_px': 0, 'height_overflow_px': 0, 'box_aspect_h_over_w': 1.13, 'hard_wrapped_single_word': False}"
16.webp,1,"[0, 0, 936, 1060]",translation_sanity,False,none,"{'source_text': 'ああ、あああ', 'translation': 'Ah, aaaa', 'source_len': 6, 'translation_len': 8, 'ratio': 1.33}"
16.webp,1,"[0, 0, 936, 1060]",detection_plausibility,False,none,"{'box_width': 936, 'box_height': 1060, 'source_len': 6, 'confidence': None, 'chars_per_100px_height': 0.57}"
16.webp,1,"[1096, 0, 1274, 210]",text_fit,False,none,"{'box_width': 178, 'box_height': 210, 'chosen_font_size': 10, 'ceiling_font_size': 178, 'line_count': 1, 'lines': ['Go!'], 'max_line_width': 15, 'total_text_height': 8, 'width_overflow_px': 0, 'height_overflow_px': 0, 'box_aspect_h_over_w': 1.18, 'hard_wrapped_single_word': False}"
16.webp,1,"[1096, 0, 1274, 210]",translation_sanity,False,none,"{'source_text': 'イッと', 'translation': 'Go!', 'source_len': 3, 'translation_len': 3, 'ratio': 1.0}"
16.webp,1,"[1096, 0, 1274, 210]",detection_plausibility,False,none,"{'box_width': 178, 'box_height': 210, 'source_len': 3, 'confidence': None, 'chars_per_100px_height': 1.43}"
16.webp,1,"[997, 836, 1244, 1113]",text_fit,False,none,"{'box_width': 247, 'box_height': 277, 'chosen_font_size': 10, 'ceiling_font_size': 247, 'line_count': 1, 'lines': ['Yeah!!'], 'max_line_width': 30, 'total_text_height': 8, 'width_overflow_px': 0, 'height_overflow_px': 0, 'box_aspect_h_over_w': 1.12, 'hard_wrapped_single_word': False}"
16.webp,1,"[997, 836, 1244, 1113]",translation_sanity,False,none,"{'source_text': 'ハイ！！', 'translation': 'Yeah!!', 'source_len': 4, 'translation_len': 6, 'ratio': 1.5}"
16.webp,1,"[997, 836, 1244, 1113]",detection_plausibility,False,none,"{'box_width': 247, 'box_height': 277, 'source_len': 4, 'confidence': None, 'chars_per_100px_height': 1.44}"
16.webp,1,"[562, 1129, 736, 1417]",text_fit,False,none,"{'box_width': 174, 'box_height': 288, 'chosen_font_size': 10, 'ceiling_font_size': 174, 'line_count': 1, 'lines': ['FINE!'], 'max_line_width': 26, 'total_text_height': 8, 'width_overflow_px': 0, 'height_overflow_px': 0, 'box_aspect_h_over_w': 1.66, 'hard_wrapped_single_word': False}"
16.webp,1,"[562, 1129, 736, 1417]",translation_sanity,False,none,"{'source_text': 'いいーッ', 'translation': 'FINE!', 'source_len': 4, 'translation_len': 5, 'ratio': 1.25}"
16.webp,1,"[562, 1129, 736, 1417]",detection_plausibility,False,none,"{'box_width': 174, 'box_height': 288, 'source_len': 4, 'confidence': None, 'chars_per_100px_height': 1.39}"
16.webp,1,"[1121, 1187, 1243, 1321]",text_fit,False,none,"{'box_width': 122, 'box_height': 134, 'chosen_font_size': 10, 'ceiling_font_size': 122, 'line_count': 1, 'lines': ['Whoa!'], 'max_line_width': 30, 'total_text_height': 8, 'width_overflow_px': 0, 'height_overflow_px': 0, 'box_aspect_h_over_w': 1.1, 'hard_wrapped_single_word': False}"
16.webp,1,"[1121, 1187, 1243, 1321]",translation_sanity,False,none,"{'source_text': '！！', 'translation': 'Whoa!', 'source_len': 2, 'translation_len': 5, 'ratio': 2.5}"
16.webp,1,"[1121, 1187, 1243, 1321]",detection_plausibility,False,none,"{'box_width': 122, 'box_height': 134, 'source_len': 2, 'confidence': None, 'chars_per_100px_height': 1.49}"
16.webp,1,"[76, 1230, 195, 1401]",text_fit,False,none,"{'box_width': 119, 'box_height': 171, 'chosen_font_size': 10, 'ceiling_font_size': 119, 'line_count': 1, 'lines': ['Hah!!'], 'max_line_width': 26, 'total_text_height': 8, 'width_overflow_px': 0, 'height_overflow_px': 0, 'box_aspect_h_over_w': 1.44, 'hard_wrapped_single_word': False}"
16.webp,1,"[76, 1230, 195, 1401]",translation_sanity,False,none,"{'source_text': 'ハッ！！', 'translation': 'Hah!!', 'source_len': 4, 'translation_len': 5, 'ratio': 1.25}"
16.webp,1,"[76, 1230, 195, 1401]",detection_plausibility,False,none,"{'box_width': 119, 'box_height': 171, 'source_len': 4, 'confidence': None, 'chars_per_100px_height': 2.34}"
16.webp,1,"[380, 1427, 441, 1506]",text_fit,False,none,"{'box_width': 61, 'box_height': 79, 'chosen_font_size': 10, 'ceiling_font_size': 61, 'line_count': 1, 'lines': ['(8)'], 'max_line_width': 13, 'total_text_height': 10, 'width_overflow_px': 0, 'height_overflow_px': 0, 'box_aspect_h_over_w': 1.3, 'hard_wrapped_single_word': False}"
16.webp,1,"[380, 1427, 441, 1506]",translation_sanity,False,none,"{'source_text': '（８）', 'translation': '(8)', 'source_len': 3, 'translation_len': 3, 'ratio': 1.0}"
16.webp,1,"[380, 1427, 441, 1506]",detection_plausibility,False,none,"{'box_width': 61, 'box_height': 79, 'source_len': 3, 'confidence': None, 'chars_per_100px_height': 3.8}"
16.webp,1,"[57, 1443, 150, 1613]",text_fit,False,none,"{'box_width': 93, 'box_height': 170, 'chosen_font_size': 10, 'ceiling_font_size': 93, 'line_count': 1, 'lines': ['Eek!'], 'max_line_width': 21, 'total_text_height': 8, 'width_overflow_px': 0, 'height_overflow_px': 0, 'box_aspect_h_over_w': 1.83, 'hard_wrapped_single_word': False}"
16.webp,1,"[57, 1443, 150, 1613]",translation_sanity,False,none,"{'source_text': 'きゃあ', 'translation': 'Eek!', 'source_len': 3, 'translation_len': 4, 'ratio': 1.33}"
16.webp,1,"[57, 1443, 150, 1613]",detection_plausibility,False,none,"{'box_width': 93, 'box_height': 170, 'source_len': 3, 'confidence': None, 'chars_per_100px_height': 1.76}"
16.webp,1,"[443, 1555, 592, 1783]",text_fit,False,none,"{'box_width': 149, 'box_height': 228, 'chosen_font_size': 10, 'ceiling_font_size': 149, 'line_count': 1, 'lines': ['That.'], 'max_line_width': 23, 'total_text_height': 8, 'width_overflow_px': 0, 'height_overflow_px': 0, 'box_aspect_h_over_w': 1.53, 'hard_wrapped_single_word': False}"
16.webp,1,"[443, 1555, 592, 1783]",translation_sanity,False,none,"{'source_text': 'それを', 'translation': 'That.', 'source_len': 3, 'translation_len': 5, 'ratio': 1.67}"
16.webp,1,"[443, 1555, 592, 1783]",detection_plausibility,False,none,"{'box_width': 149, 'box_height': 228, 'source_len': 3, 'confidence': None, 'chars_per_100px_height': 1.32}"
17.webp,1,"[1097, 783, 1280, 1174]",text_fit,False,none,"{'box_width': 183, 'box_height': 391, 'chosen_font_size': 10, 'ceiling_font_size': 183, 'line_count': 1, 'lines': ['Ah...'], 'max_line_width': 19, 'total_text_height': 8, 'width_overflow_px': 0, 'height_overflow_px': 0, 'box_aspect_h_over_w': 2.14, 'hard_wrapped_single_word': False}"
17.webp,1,"[1097, 783, 1280, 1174]",translation_sanity,False,none,"{'source_text': 'ああ．．．', 'translation': 'Ah...', 'source_len': 5, 'translation_len': 5, 'ratio': 1.0}"
17.webp,1,"[1097, 783, 1280, 1174]",detection_plausibility,False,none,"{'box_width': 183, 'box_height': 391, 'source_len': 5, 'confidence': None, 'chars_per_100px_height': 1.28}"
17.webp,1,"[1, 986, 179, 1351]",text_fit,False,none,"{'box_width': 178, 'box_height': 365, 'chosen_font_size': 10, 'ceiling_font_size': 178, 'line_count': 1, 'lines': ['Ah...'], 'max_line_width': 19, 'total_text_height': 8, 'width_overflow_px': 0, 'height_overflow_px': 0, 'box_aspect_h_over_w': 2.05, 'hard_wrapped_single_word': False}"
17.webp,1,"[1, 986, 179, 1351]",translation_sanity,False,none,"{'source_text': 'ああ．．．', 'translation': 'Ah...', 'source_len': 5, 'translation_len': 5, 'ratio': 1.0}"
17.webp,1,"[1, 986, 179, 1351]",detection_plausibility,False,none,"{'box_width': 178, 'box_height': 365, 'source_len': 5, 'confidence': None, 'chars_per_100px_height': 1.37}"
18.webp,1,"[661, 165, 1217, 397]",text_fit,False,none,"{'box_width': 556, 'box_height': 232, 'chosen_font_size': 10, 'ceiling_font_size': 232, 'line_count': 1, 'lines': [""Thanks for buying the book! To share the appeal of the max rack, even though it's just a venue opening pamphlet…""], 'max_line_width': 525, 'total_text_height': 11, 'width_overflow_px': 0, 'height_overflow_px': 0, 'box_aspect_h_over_w': 0.42, 'hard_wrapped_single_word': False}"
18.webp,1,"[661, 165, 1217, 397]",translation_sanity,False,none,"{'source_text': 'この程は、この度はこの世の姿な本をお買い上げ頂き、ありがとうございました。最ラックの魅力を伝えるべく、会場開定本ではありますが、', 'translation': ""Thanks for buying the book! To share the appeal of the max rack, even though it's just a venue opening pamphlet…"", 'source_len': 64, 'translation_len': 112, 'ratio': 1.75}"
18.webp,1,"[661, 165, 1217, 397]",detection_plausibility,True,low,"{'box_width': 556, 'box_height': 232, 'source_len': 64, 'confidence': None, 'chars_per_100px_height': 27.59}"
18.webp,1,"[565, 992, 1202, 1100]",text_fit,False,none,"{'box_width': 637, 'box_height': 108, 'chosen_font_size': 10, 'ceiling_font_size': 108, 'line_count': 1, 'lines': [""If I get horny again, I'll whip it out, Nosehook Ki.""], 'max_line_width': 214, 'total_text_height': 11, 'width_overflow_px': 0, 'height_overflow_px': 0, 'box_aspect_h_over_w': 0.17, 'hard_wrapped_single_word': False}"
18.webp,1,"[565, 992, 1202, 1100]",translation_sanity,False,none,"{'source_text': 'またムラムラしたら出しますね、鼻フック木。', 'translation': ""If I get horny again, I'll whip it out, Nosehook Ki."", 'source_len': 21, 'translation_len': 52, 'ratio': 2.48}"
18.webp,1,"[565, 992, 1202, 1100]",detection_plausibility,False,none,"{'box_width': 637, 'box_height': 108, 'source_len': 21, 'confidence': None, 'chars_per_100px_height': 19.44}"
